{"cameraMode":{"drawMode":0,"name":"Shaded","section":"Shading Mode"},"sceneLighting":false,"audioPlay":false,"sceneViewState":{"showFog":false,"showMaterialUpdate":false,"showSkybox":false,"showFlares":false,"showImageEffects":false,"showParticleSystems":false},"in2DMode":false,"pivot":{"x":3.8229217529296877,"y":3.515460968017578,"z":118.42715454101563},"rotation":{"x":0.22478115558624268,"y":-0.15851840376853944,"z":0.0370992086827755,"w":0.9608258008956909},"size":85.44947814941406,"orthographic":false}