{"cameraMode":{"drawMode":0,"name":"Shaded","section":"Shading Mode"},"sceneLighting":false,"audioPlay":false,"sceneViewState":{"showFog":false,"showMaterialUpdate":false,"showSkybox":false,"showFlares":false,"showImageEffects":false,"showParticleSystems":false},"in2DMode":false,"pivot":{"x":-1.221553087234497,"y":1.0950874090194703,"z":1.6226670742034913},"rotation":{"x":0.005194150842726231,"y":0.9915295243263245,"z":-0.12288906425237656,"w":0.04196661710739136},"size":1.699949026107788,"orthographic":false}