{"cameraMode":{"drawMode":0,"name":"Shaded","section":"Shading Mode"},"sceneLighting":false,"audioPlay":false,"sceneViewState":{"showFog":false,"showMaterialUpdate":false,"showSkybox":false,"showFlares":false,"showImageEffects":false,"showParticleSystems":false},"in2DMode":false,"pivot":{"x":0.3687171936035156,"y":2.4770889282226564,"z":0.5221672058105469},"rotation":{"x":-0.27218306064605715,"y":-0.06721127778291702,"z":0.01904316246509552,"w":-0.9598439335823059},"size":86.7765884399414,"orthographic":false}