{"cameraMode":{"drawMode":0,"name":"Shaded","section":"Shading Mode"},"sceneLighting":false,"audioPlay":false,"sceneViewState":{"showFog":false,"showMaterialUpdate":false,"showSkybox":false,"showFlares":false,"showImageEffects":false,"showParticleSystems":false},"in2DMode":false,"pivot":{"x":143.7939910888672,"y":26.592876434326173,"z":103.85794067382813},"rotation":{"x":-0.27218306064605715,"y":-0.06721127778291702,"z":0.01904316246509552,"w":-0.9598439335823059},"size":9.190617561340332,"orthographic":false}