{"cameraMode":{"drawMode":0,"name":"Shaded","section":"Shading Mode"},"sceneLighting":false,"audioPlay":false,"sceneViewState":{"showFog":false,"showMaterialUpdate":false,"showSkybox":false,"showFlares":false,"showImageEffects":false,"showParticleSystems":false},"in2DMode":false,"pivot":{"x":-0.31888294219970705,"y":1.362267255783081,"z":0.3452491760253906},"rotation":{"x":0.07165487110614777,"y":-0.35683727264404299,"z":0.02745523676276207,"w":0.9310274720191956},"size":21.969213485717775,"orthographic":false}