{"cameraMode":{"drawMode":0,"name":"Shaded","section":"Shading Mode"},"sceneLighting":false,"audioPlay":false,"sceneViewState":{"showFog":false,"showMaterialUpdate":false,"showSkybox":false,"showFlares":false,"showImageEffects":false,"showParticleSystems":false},"in2DMode":false,"pivot":{"x":-0.819305419921875,"y":0.39731788635253909,"z":0.7058401107788086},"rotation":{"x":0.09351257979869843,"y":0.10641684383153916,"z":0.010055002756416798,"w":-0.9898684620857239},"size":1.9999490976333619,"orthographic":false}