{"cameraMode":{"drawMode":0,"name":"Shaded","section":"Shading Mode"},"sceneLighting":false,"audioPlay":false,"sceneViewState":{"showFog":false,"showMaterialUpdate":false,"showSkybox":false,"showFlares":false,"showImageEffects":false,"showParticleSystems":false},"in2DMode":false,"pivot":{"x":-0.032471656799316409,"y":-24.020896911621095,"z":-0.02296733856201172},"rotation":{"x":-0.27218306064605715,"y":-0.06721127778291702,"z":0.01904316246509552,"w":-0.9598439335823059},"size":30.366107940673829,"orthographic":false}