{"cameraMode":{"drawMode":0,"name":"Shaded","section":"Shading Mode"},"sceneLighting":false,"audioPlay":false,"sceneViewState":{"showFog":false,"showMaterialUpdate":false,"showSkybox":false,"showFlares":false,"showImageEffects":false,"showParticleSystems":false},"in2DMode":false,"pivot":{"x":30.68000030517578,"y":0.41999995708465578,"z":101.9000015258789},"rotation":{"x":-0.19997800886631013,"y":-0.008240907453000546,"z":0.0016571308951824904,"w":-0.9799019694328308},"size":3.925938367843628,"orthographic":false}