{"cameraMode":{"drawMode":0,"name":"Shaded","section":"Shading Mode"},"sceneLighting":false,"audioPlay":false,"sceneViewState":{"showFog":false,"showMaterialUpdate":false,"showSkybox":false,"showFlares":false,"showImageEffects":false,"showParticleSystems":false},"in2DMode":false,"pivot":{"x":0.2017601728439331,"y":-0.1020364761352539,"z":-0.1020364761352539},"rotation":{"x":0.1761447787284851,"y":-0.6176197528839111,"z":0.14448297023773194,"w":0.7528937458992004},"size":3.073920488357544,"orthographic":false}