{"cameraMode":{"drawMode":0,"name":"Shaded","section":"Shading Mode"},"sceneLighting":false,"audioPlay":false,"sceneViewState":{"showFog":false,"showMaterialUpdate":false,"showSkybox":false,"showFlares":false,"showImageEffects":false,"showParticleSystems":false},"in2DMode":false,"pivot":{"x":211.9115447998047,"y":90.99633026123047,"z":47.74790573120117},"rotation":{"x":0.19276876747608186,"y":0.11451371759176254,"z":-0.02266024425625801,"w":0.9743837118148804},"size":39.20879364013672,"orthographic":false}