{"cameraMode":{"drawMode":0,"name":"Shaded","section":"Shading Mode"},"sceneLighting":false,"audioPlay":false,"sceneViewState":{"showFog":false,"showMaterialUpdate":false,"showSkybox":false,"showFlares":false,"showImageEffects":false,"showParticleSystems":false},"in2DMode":false,"pivot":{"x":-4.89278507232666,"y":19.05611228942871,"z":-15.250961303710938},"rotation":{"x":-0.00583400996401906,"y":-0.9874071478843689,"z":0.03734775632619858,"w":-0.1538001149892807},"size":2.5676870346069338,"orthographic":false}