{"cameraMode":{"drawMode":0,"name":"Shaded","section":"Shading Mode"},"sceneLighting":false,"audioPlay":false,"sceneViewState":{"showFog":false,"showMaterialUpdate":false,"showSkybox":false,"showFlares":false,"showImageEffects":false,"showParticleSystems":false},"in2DMode":false,"pivot":{"x":-1.63861083984375,"y":0.7946357727050781,"z":1.4116802215576172},"rotation":{"x":0.09351257979869843,"y":0.10641684383153916,"z":0.010055002756416798,"w":-0.9898684620857239},"size":0.8660253882408142,"orthographic":false}