{"cameraMode":{"drawMode":0,"name":"Shaded","section":"Shading Mode"},"sceneLighting":false,"audioPlay":false,"sceneViewState":{"showFog":false,"showMaterialUpdate":false,"showSkybox":false,"showFlares":false,"showImageEffects":false,"showParticleSystems":false},"in2DMode":false,"pivot":{"x":0.19599872827529908,"y":-2.6051976680755617,"z":0.9351054430007935},"rotation":{"x":-0.11869794875383377,"y":0.7658108472824097,"z":-0.14792011678218842,"w":-0.6144830584526062},"size":21.630556106567384,"orthographic":false}